{
  "type": "seasonal_naive",
  "overall_mean": 403.5734489051095,
  "overall_std": 55.236308970824126,
  "dow_means": {
    "0": 441.86942675159236,
    "1": 414.4299363057325,
    "2": 395.7420382165605,
    "3": 389.12820512820514,
    "4": 379.57371794871796,
    "5": 400.33012820512823,
    "6": 403.6751592356688
  },
  "month_means": {
    "1": 471.3333333333333,
    "2": 471.13529411764705,
    "3": 352.68817204301075,
    "4": 352.27222222222224,
    "5": 353.55913978494624,
    "6": 384.2388888888889,
    "7": 382.48924731182797,
    "8": 381.2795698924731,
    "9": 408.0,
    "10": 413.5483870967742,
    "11": 406.8888888888889,
    "12": 469.23118279569894
  },
  "window_size": 7
}