{
  "type": "seasonal_naive",
  "overall_mean": 423.0473210793899,
  "overall_std": 53.21217718311237,
  "dow_means": {
    "0": 473.8508891928865,
    "1": 457.06429548563614,
    "2": 440.1313269493844,
    "3": 423.0986301369863,
    "4": 406.1808219178082,
    "5": 372.13287671232877,
    "6": 388.7797537619699
  },
  "month_means": {
    "1": 472.3041474654378,
    "2": 454.0176767676768,
    "3": 436.9746543778802,
    "4": 404.3,
    "5": 386.7557603686636,
    "6": 372.2809523809524,
    "7": 373.46082949308754,
    "8": 389.70506912442397,
    "9": 422.67619047619047,
    "10": 440.3778801843318,
    "11": 453.5904761904762,
    "12": 471.5668202764977
  }
}